0,2783918982.0
1,2058662225.0
2,963420425.0
3,879620923.0
4,1084439099.0
5,260002115.0
6,282778100.0
7,586581936.0
8,890875303.0
9,890875303.0
10,1404705868.0
11,1150864745.0
12,868160194.0
13,1017003568.0
14,935083686.0
15,960366855.0
16,955119788.0
17,1045663875.0
18,374085065.0
19,591692078.0
20,1066215812.0
21,667999518.0
22,417341288.0
23,757890267.0
24,1670328025.0
25,836519699.0
26,1104039076.0
27,459359555.0
28,322241588.0
29,305218228.0
30,2207615668.0
31,1069818229.0
32,1215392272.0
33,783705001.0
34,1110526981.0
35,1110526981.0
36,743588329.0
37,490359051.0
38,490359051.0
39,747862775.0
40,708996336.0
41,560155383.0
42,397562763.0
43,397562763.0
44,788408539.0
45,365491792.0
46,231201172.0
47,314594597.0
48,1123790543.0
49,197687603.0
50,1514019071.0
51,467381584.0
52,531514650.0
53,315709697.0
54,411002906.0
55,334354269.0
56,582443126.0
57,1002891358.0
58,786558145.0
59,554606532.0
60,196968626.0
61,720539572.0
62,758536735.0
63,532590994.0
64,180047784.0
65,181982519.0
66,530842489.0
67,364406256.0
68,853923085.0
69,731542621.0
70,381687380.0
71,294387183.0
72,302469017.0
73,221229335.0
74,405760225.0
75,174131329.0
76,264246220.0
77,151659062.0
78,771172112.0
79,623561331.0
80,714401889.0
81,703545589.0
82,319090241.0
83,401016924.0
84,433058296.0
85,277279693.0
86,756244673.0
87,652127828.0
88,494870991.0
89,496511521.0
90,665417894.0
91,379262220.0
92,807330936.0
93,650523427.0
94,355408305.0
95,329809326.0
96,217986320.0
97,181674817.0
98,433125655.0
99,418186950.0
100,440160956.0
101,167297191.0
102,449239855.0
103,1274234980.0
104,942943935.0
105,896911078.0
106,738576929.0
107,585532684.0
108,624234272.0
109,475825484.0
110,626549695.0
111,644600394.0
112,359142722.0
113,700868363.0
114,449326618.0
115,599516844.0
116,374825760.0
117,402231063.0
118,664837547.0
119,373136354.0
120,427289109.0
121,397501348.0
122,490875846.0
123,319713881.0
124,287594577.0
125,292817841.0
126,305270083.0
127,194995215.0
128,238202668.0
129,205440387.0
130,142634358.0
131,39549758.0
132,179357126.0
133,746921271.0
134,694713230.0
135,616102924.0
136,448191819.0
137,269806430.0
138,306900902.0
139,121671925.0
140,431942139.0
141,385680446.0
142,554600000.0
143,370569776.0
144,518628619.0
145,375740705.0
146,456810575.0
147,203018919.0
148,268314513.0
149,268314513.0
150,118515678.0
151,133553464.0
152,821706375.0
153,184068357.0
154,76416746.0
155,263417913.0
156,245229234.0
157,85131830.0
158,573068425.0
159,532037894.0
160,361730660.0
161,245504574.0
162,212912137.0
163,286896578.0
164,237177349.0
165,157956466.0
166,163818556.0
167,606836535.0
168,367650911.0
169,864868047.0
170,796688549.0
171,442161562.0
172,631910531.0
173,518602163.0
174,554987477.0
175,321887208.0
176,273271982.0
177,493738435.0
178,290650494.0
179,373993951.0
180,251499665.0
181,215080810.0
182,79072464.0
183,356148063.0
184,356546621.0
185,1341511219.0
186,766652288.0
187,974755371.0
188,634954103.0
189,960283305.0
190,767820459.0
191,629969804.0
192,535663443.0
193,556319450.0
194,399005706.0
195,280355920.0
196,238317814.0
197,61698899.0
198,345141403.0
199,328711434.0
200,288215319.0
201,607987022.0
202,229545589.0
203,200421835.0
204,227200000.0
205,286192091.0
206,287916633.0
207,166000000.0
208,107212751.0
209,93394462.0
210,49628177.0
211,258751370.0
212,1027044677.0
213,848998877.0
214,656695615.0
215,559757719.0
216,416456852.0
217,178200000.0
218,164602163.0
219,77628265.0
220,132999811.0
221,232017848.0
222,716392705.0
223,579446407.0
224,486124090.0
225,469590832.0
226,563749323.0
227,382288147.0
228,362989076.0
229,339504276.0
230,215300000.0
231,330780051.0
232,208370892.0
233,229155503.0
234,263880341.0
235,348547523.0
236,152364370.0
237,89737191.0
238,76482461.0
239,150468000.0
240,887217688.0
241,133818283.0
242,87683966.0
243,640055863.0
244,348629585.0
245,298815224.0
246,270997378.0
247,269065678.0
248,10364769.0
249,232643008.0
250,457683805.0
251,212282709.0
252,358824714.0
253,130673154.0
254,878979634.0
255,513815401.0
256,336529144.0
257,331323410.0
258,449948323.0
259,310650574.0
260,365300000.0
261,267985456.0
262,236827677.0
263,170936470.0
264,391976723.0
265,262794441.0
266,234400000.0
267,325500000.0
268,169296573.0
269,311979256.0
270,99123656.0
271,249488115.0
272,212026975.0
273,96221971.0
274,145395745.0
275,171377916.0
276,139716717.0
277,121100000.0
278,69548641.0
279,82145379.0
280,209461378.0
281,91800000.0
282,97523020.0
283,103039258.0
284,59918422.0
285,13835130.0
286,7094995.0
287,244778411.0
288,435040395.0
289,183124621.0
290,879765137.0
291,159691085.0
292,223050874.0
293,169511609.0
294,263900000.0
295,65700000.0
296,94894448.0
297,94894448.0
298,110623265.0
299,936429370.0
300,1141408667.0
301,934703179.0
302,273330185.0
303,365900000.0
304,482860185.0
305,162839667.0
306,614726752.0
307,304249198.0
308,18517322.0
309,188536838.0
310,587790539.0
311,511358276.0
312,347425832.0
313,498438212.0
314,859701857.0
315,288693989.0
316,487519809.0
317,289660619.0
318,259736090.0
319,303500000.0
320,191091250.0
321,239373970.0
322,165900000.0
323,202910991.0
324,366101666.0
325,235296080.0
326,186049020.0
327,203902107.0
328,244126300.0
329,235900000.0
330,155750628.0
331,191200000.0
332,162753837.0
333,200859554.0
334,157092943.0
335,313404841.0
336,143049560.0
337,169400000.0
338,106000000.0
339,87420776.0
340,120100000.0
341,140900000.0
342,65716126.0
343,139877913.0
344,20466016.0
345,105021488.0
346,148715342.0
347,427230516.0
348,450728529.0
349,288587450.0
350,315268353.0
351,276014965.0
352,378505812.0
353,340384141.0
354,208542162.0
355,311744465.0
356,224614744.0
357,250649836.0
358,191932158.0
359,153487972.0
360,66941559.0
361,173613482.0
362,205190324.0
363,157794205.0
364,161510853.0
365,96971293.0
366,137298489.0
367,80831893.0
368,149717124.0
369,114979922.0
370,44650003.0
371,78353508.0
372,83080084.0
373,48056764.0
374,74132631.0
375,276294164.0
376,166307945.0
377,137162560.0
378,237685089.0
379,143985708.0
380,223636949.0
381,160388063.0
382,190320568.0
383,268268174.0
384,96024898.0
385,483473962.0
386,677923379.0
387,586464305.0
388,470909901.0
389,266824291.0
390,343397247.0
391,245800000.0
392,349464664.0
393,247023808.0
394,349088523.0
395,226739416.0
396,260700012.0
397,299461782.0
398,266685242.0
399,168311558.0
400,241200000.0
401,221468935.0
402,183354514.0
403,214974953.0
404,178066569.0
405,224117573.0
406,204774690.0
407,165173909.0
408,158750817.0
409,177993801.0
410,250200000.0
411,211755593.0
412,158926474.0
413,170805525.0
414,142783718.0
415,164800000.0
416,106515310.0
417,147080413.0
418,136047317.0
419,96148711.0
420,60507228.0
421,98983590.0
422,71485043.0
423,50632037.0
424,141475336.0
425,58270391.0
426,105299638.0
427,101371017.0
428,130580730.0
429,66554547.0
430,158908290.0
431,131234406.0
432,108469033.0
433,54540662.0
434,53508858.0
435,26703184.0
436,86787530.0
437,69131860.0
438,20841123.0
439,33463969.0
440,40147042.0
441,6300451.0
442,987480140.0
443,318146162.0
444,150519217.0
445,317668058.0
446,274392649.0
447,206455420.0
448,107336658.0
449,179265204.0
450,43957541.0
451,90226482.0
452,974873764.0
453,69853395.0
454,35129610.0
455,514103326.0
456,817400878.0
457,618638999.0
458,651899282.0
459,556559566.0
460,272223430.0
461,371917043.0
462,296339717.0
463,342416460.0
464,336069511.0
465,196324496.0
466,202871849.0
467,351723989.0
468,155708695.0
469,97387965.0
470,211562435.0
471,218673959.0
472,221594911.0
473,141267370.0
474,118230763.0
475,213500000.0
476,119512771.0
477,94944017.0
478,131492772.0
479,95572749.0
480,105445109.0
481,85632458.0
482,72785169.0
483,54344321.0
484,71523271.0
485,39251128.0
486,89758389.0
487,77636443.0
488,50409753.0
489,36751979.0
490,34009180.0
491,14623082.0
492,5409517.0
493,1163624481.0
494,311594032.0
495,248099143.0
496,162870525.0
497,346634366.0
498,103891409.0
499,50168294.0
500,527071022.0
501,109362966.0
502,71880305.0
503,86509602.0
504,209045647.0
505,96947540.0
506,54616869.0
507,37306334.0
508,62176754.0
509,257641634.0
510,408265690.0
511,937008132.0
512,443483213.0
513,310138178.0
514,267200000.0
515,308700000.0
516,300854823.0
517,239814025.0
518,207154748.0
519,207068340.0
520,202726605.0
521,150562164.0
522,213463976.0
523,172543519.0
524,156815529.0
525,114658262.0
526,158702748.0
527,117800000.0
528,123954323.0
529,131011757.0
530,160379930.0
531,216821942.0
532,54243125.0
533,137431619.0
534,70546865.0
535,116625798.0
536,137022245.0
537,61031932.0
538,131445884.0
539,49730854.0
540,69157016.0
541,54612337.0
542,48197252.0
543,103735965.0
544,65409046.0
545,19870567.0
546,33076815.0
547,25852508.0
548,61402445.0
549,14294842.0
550,13596911.0
551,20107933.0
552,19535476.0
553,35417162.0
554,543495033.0
555,86796502.0
556,706102828.0
557,193500000.0
558,216500183.0
559,87173475.0
560,77224232.0
561,75685268.0
562,33462011.0
563,60265197.0
564,118556530.0
565,137489730.0
566,18115927.0
567,25357771.0
568,211700000.0
569,194169619.0
570,485035085.0
571,374105123.0
572,273346281.0
573,386116343.0
574,334100000.0
575,463517383.0
576,442169052.0
577,172825854.0
578,250800000.0
579,163442936.0
580,163442936.0
581,211739043.0
582,128468793.0
583,233700000.0
584,128874043.0
585,139840525.0
586,255000000.0
587,148345997.0
588,163295654.0
589,69688384.0
590,141205169.0
591,180148897.0
592,104267443.0
593,156974557.0
594,154362963.0
595,132397389.0
596,48164150.0
597,43545364.0
598,221662676.0
599,238940997.0
600,39017984.0
601,100853753.0
602,72516819.0
603,33447612.0
604,62761005.0
605,56409722.0
606,41636243.0
607,17218916.0
608,39499349.0
609,10014234.0
610,26670920.0
611,101636047.0
612,63200000.0
613,133603463.0
614,1038812584.0
615,292738626.0
616,188657593.0
617,25052000.0
618,207500000.0
619,127630030.0
620,107822813.0
621,145478036.0
622,40123346.0
623,18708848.0
624,368567189.0
625,145594548.0
626,310697192.0
627,132493015.0
628,516567575.0
629,457729388.0
630,454161935.0
631,253555383.0
632,247812011.0
633,290701374.0
634,310043823.0
635,264118201.0
636,214357371.0
637,172450423.0
638,356429941.0
639,176262839.0
640,164285587.0
641,149705852.0
642,218613188.0
643,217670152.0
644,200700000.0
645,199043309.0
646,152457863.0
647,165890634.0
648,170200225.0
649,157670733.0
650,135015330.0
651,206598789.0
652,130968579.0
653,100230832.0
654,186883563.0
655,126037057.0
656,102332848.0
657,165048228.0
658,90723216.0
659,162778384.0
660,193857962.0
661,71719931.0
662,87123569.0
663,129832389.0
664,56709981.0
665,100751232.0
666,159356941.0
667,98819789.0
668,100645801.0
669,90482317.0
670,104429625.0
671,131377412.0
672,104324083.0
673,101382396.0
674,160700000.0
675,95538560.0
676,68336997.0
677,104100903.0
678,57604723.0
679,82812456.0
680,67312826.0
681,82150183.0
682,108996113.0
683,81079566.0
684,78481410.0
685,124514011.0
686,88832210.0
687,36850101.0
688,78080697.0
689,47818913.0
690,121327628.0
691,33956608.0
692,32983332.0
693,32983332.0
694,47371191.0
695,54994757.0
696,38389024.0
697,75965567.0
698,39235486.0
699,30063805.0
700,84154026.0
701,71073932.0
702,26673242.0
703,80767884.0
704,49473093.0
705,49238525.0
706,35319689.0
707,39006188.0
708,20541668.0
709,66655938.0
710,14218868.0
711,14816379.0
712,22468620.0
713,12069719.0
714,50648806.0
715,10597070.0
716,30396134.0
717,13075656.0
718,11427090.0
719,194058503.0
720,783770709.0
721,547326372.0
722,158162788.0
723,158162788.0
724,50365498.0
725,100687083.0
726,93672764.0
727,59431365.0
728,41348628.0
729,80480566.0
730,295874190.0
731,58085235.0
732,153007424.0
733,149217355.0
734,104364680.0
735,38329114.0
736,62097495.0
737,195660942.0
738,198006880.0
739,679857164.0
740,362605033.0
741,366784257.0
742,307325633.0
743,347100000.0
744,300200000.0
745,273814019.0
746,220648184.0
747,174463257.0
748,126425115.0
749,192165283.0
750,282300000.0
751,152269033.0
752,163838217.0
753,159387195.0
754,214392904.0
755,212200000.0
756,198750909.0
757,259541430.0
758,176469428.0
759,189624452.0
760,98699769.0
761,153535982.0
762,63408614.0
763,149022650.0
764,71189835.0
765,122079192.0
766,110387072.0
767,158500000.0
768,129075270.0
769,154605868.0
770,79312301.0
771,151947179.0
772,70692101.0
773,90552675.0
774,38564422.0
775,113805580.0
776,67353000.0
777,67353000.0
778,45016494.0
779,34105207.0
780,63537164.0
781,43980363.0
782,47953341.0
783,60209334.0
784,18582965.0
785,74870866.0
786,16123323.0
787,12923936.0
788,11532774.0
789,22597969.0
790,9521458.0
791,28231444.0
792,69759296.0
793,1807990.0
794,108185706.0
795,130402010.0
796,166617328.0
797,66520529.0
798,50719373.0
799,7126002.0
800,107190108.0
801,109848461.0
802,131159781.0
803,139801410.0
804,179213196.0
805,54207112.0
806,63657941.0
807,50187789.0
808,22852487.0
809,134612435.0
810,355612291.0
811,602500560.0
812,205727307.0
813,217569328.0
814,110400000.0
815,75835124.0
816,97709034.0
817,53139168.0
818,23010607.0
819,149270999.0
820,46815807.0
821,126931325.0
822,687557727.0
823,491812794.0
824,556016627.0
825,331333876.0
826,390500000.0
827,274000000.0
828,238757137.0
829,314111923.0
830,202173000.0
831,203502372.0
832,172185754.0
833,257972745.0
834,171269535.0
835,206175032.0
836,257805243.0
837,178890782.0
838,223564608.0
839,225990976.0
840,212742160.0
841,159745279.0
842,128402901.0
843,185798265.0
844,147142328.0
845,161626121.0
846,186450317.0
847,161941727.0
848,118729073.0
849,111300835.0
850,208094550.0
851,96469187.0
852,130214162.0
853,67823573.0
854,105103783.0
855,144110682.0
856,88316835.0
857,71052604.0
858,236799211.0
859,214949716.0
860,146195159.0
861,104488383.0
862,119114494.0
863,125168734.0
864,97651543.0
865,50068310.0
866,82751189.0
867,80369970.0
868,48169156.0
869,156602194.0
870,76119388.0
871,94704227.0
872,50054511.0
873,49105766.0
874,119180938.0
875,41476097.0
876,62967368.0
877,55489826.0
878,263894551.0
879,39778599.0
880,69425966.0
881,38590458.0
882,62209892.0
883,43340302.0
884,46112640.0
885,84023611.0
886,113309743.0
887,105246941.0
888,56643267.0
889,56643267.0
890,83306268.0
891,55348693.0
892,80583311.0
893,27100030.0
894,64477051.0
895,64477051.0
896,42598498.0
897,66961644.0
898,26199517.0
899,53850527.0
900,25426861.0
901,34806726.0
902,26121638.0
903,41642166.0
904,20886891.0
905,42002029.0
906,28920188.0
907,60282876.0
908,41982227.0
909,56077088.0
910,16581575.0
911,14271297.0
912,26097497.0
913,41042583.0
914,10561038.0
915,10359006.0
916,22969202.0
917,9812870.0
918,12335036.0
919,8374062.0
920,6626115.0
921,6291602.0
922,3434330.0
923,43905746.0
924,105002056.0
925,20423389.0
926,71004627.0
927,474171806.0
928,208300000.0
929,196308367.0
930,327656424.0
931,124304264.0
932,151463090.0
933,107752036.0
934,112610386.0
935,86607223.0
936,71171825.0
937,50315140.0
938,70937778.0
939,90376224.0
940,77562568.0
941,25928721.0
942,14968379.0
943,162738726.0
944,102825796.0
945,116773317.0
946,29781453.0
947,37923818.0
948,14970038.0
949,11022696.0
950,12900000.0
951,298923419.0
952,160648493.0
953,150000000.0
954,113622499.0
955,100833145.0
956,4408636.0
957,302710615.0
958,363095319.0
959,377807404.0
960,358500000.0
961,155200000.0
962,213420951.0
963,243180937.0
964,187995859.0
965,122071435.0
966,174810815.0
967,117615211.0
968,160971922.0
969,178100000.0
970,155931301.0
971,104505362.0
972,90523726.0
973,141189101.0
974,76665507.0
975,135808837.0
976,66790248.0
977,136998907.0
978,113417762.0
979,113916474.0
980,247967903.0
981,57362581.0
982,75854588.0
983,72359917.0
984,55842724.0
985,102746214.0
986,146162920.0
987,48563556.0
988,80594860.0
989,94215000.0
990,127990741.0
991,43343247.0
992,65595141.0
993,35627222.0
994,61475984.0
995,49610898.0
996,163126676.0
997,27447471.0
998,59551283.0
999,29367143.0
1000,29367143.0
1001,79564960.0
1002,70216497.0
1003,36404841.0
1004,20133326.0
1005,29406132.0
1006,65532491.0
1007,18120267.0
1008,46598133.0
1009,34668249.0
1010,41467606.0
1011,41467606.0
1012,11203026.0
1013,164539660.0
1014,9110458.0
1015,8488871.0
1016,31077418.0
1017,31681811.0
1018,2154540.0
1019,73706.0
1020,227140757.0
1021,353715317.0
1022,300400000.0
1023,165600852.0
1024,48478084.0
1025,22730924.0
1026,12342632.0
1027,3484523.0
1028,229727774.0
1029,80013623.0
1030,62063972.0
1031,63078756.0
1032,76347393.0
1033,270340892.0
1034,202812429.0
1035,363728226.0
1036,227793915.0
1037,173044410.0
1038,131052444.0
1039,130788243.0
1040,71000000.0
1041,73239258.0
1042,63781100.0
1043,41267469.0
1044,91678442.0
1045,56438555.0
1046,156167015.0
1047,56331864.0
1048,60437727.0
1049,20844907.0
1050,45688337.0
1051,8514325.0
1052,4408420.0
1053,11756922.0
1054,245769202.0
1055,100622586.0
1056,22108977.0
1057,7684524.0
1058,672806292.0
1059,570978470.0
1060,314709717.0
1061,257878294.0
1062,189714544.0
1063,457507776.0
1064,149804632.0
1065,332000000.0
1066,177835231.0
1067,167851995.0
1068,152266007.0
1069,132440066.0
1070,97470701.0
1071,126646119.0
1072,181053657.0
1073,124246152.0
1074,178710620.0
1075,106511453.0
1076,161838076.0
1077,244088654.0
1078,141208010.0
1079,195111193.0
1080,215862692.0
1081,120612565.0
1082,128792135.0
1083,197232734.0
1084,75505856.0
1085,124823094.0
1086,161513754.0
1087,150886329.0
1088,91729503.0
1089,70836296.0
1090,205400000.0
1091,137047376.0
1092,145238250.0
1093,187384627.0
1094,139474906.0
1095,91455875.0
1096,141484812.0
1097,58855732.0
1098,87145086.0
1099,118097882.0
1100,74156610.0
1101,71743823.0
1102,87949859.0
1103,105945357.0
1104,75389090.0
1105,104407366.0
1106,114830111.0
1107,127234389.0
1108,55249159.0
1109,191200000.0
1110,121032272.0
1111,146300356.0
1112,49851591.0
1113,92111551.0
1114,92256918.0
1115,65282732.0
1116,106548738.0
1117,45916769.0
1118,44948240.0
1119,58250151.0
1120,86760995.0
1121,155011165.0
1122,50071069.0
1123,128884494.0
1124,126069509.0
1125,95989590.0
1126,38087756.0
1127,90717684.0
1128,101162106.0
1129,41294674.0
1130,72295262.0
1131,96398826.0
1132,51867723.0
1133,34416893.0
1134,53864342.0
1135,55696705.0
1136,49686263.0
1137,55247881.0
1138,31835600.0
1139,59795070.0
1140,46666955.0
1141,30199105.0
1142,69807260.0
1143,40435694.0
1144,31670620.0
1145,28544120.0
1146,27682712.0
1147,27053815.0
1148,78269970.0
1149,65754228.0
1150,24172899.0
1151,38172500.0
1152,22433915.0
1153,22365133.0
1154,46176322.0
1155,47085064.0
1156,37750754.0
1157,20278055.0
1158,25693998.0
1159,169590606.0
1160,20790486.0
1161,60862471.0
1162,19417182.0
1163,14942422.0
1164,14448589.0
1165,14375181.0
1166,14358033.0
1167,39753957.0
1168,21215882.0
1169,13508635.0
1170,35195939.0
1171,13208023.0
1172,12345883.0
1173,13644292.0
1174,10717421.0
1175,17033431.0
1176,10070651.0
1177,7000000.0
1178,26738000.0
1179,7974607.0
1180,33175076.0
1181,33175076.0
1182,33175076.0
1183,12624471.0
1184,16172200.0
1185,88069880.0
1186,32030610.0
1187,14938149.0
1188,915840.0
1189,7729552.0
1190,20722450.0
1191,119627047.0
1192,463730.0
1193,38899792.0
1194,27000381.0
1195,155403.0
1196,102332135.0
1197,59950623.0
1198,69538833.0
1199,81150788.0
1200,37956589.0
1201,40319440.0
1202,6429865.0
1203,182365114.0
1204,205298907.0
1205,119721296.0
1206,120000000.0
1207,107597242.0
1208,61894591.0
1209,116809717.0
1210,73956241.0
1211,94763758.0
1212,57753825.0
1213,50970660.0
1214,110678636.0
1215,98230839.0
1216,29544532.0
1217,24515990.0
1218,58394308.0
1219,17378193.0
1220,19317765.0
1221,27501814.0
1222,10229300.0
1223,17830244.0
1224,6504442.0
1225,623374.0
1226,5473041.0
1227,120925697.0
1228,58792011.0
1229,9813309.0
1230,267816276.0
1231,173567581.0
1232,152566881.0
1233,168167798.0
1234,101857425.0
1235,99595932.0
1236,55909910.0
1237,97143987.0
1238,67029956.0
1239,48446802.0
1240,24935799.0
1241,24935799.0
1242,15000000.0
1243,102226631.0
1244,117448157.0
1245,160000000.0
1246,65967750.0
1247,50159144.0
1248,57824533.0
1249,43797731.0
1250,23360779.0
1251,14378353.0
1252,13052741.0
1253,12532777.0
1254,2954405.0
1255,156835197.0
1256,4020990.0
1257,38283765.0
1258,305705794.0
1259,411348924.0
1260,310332636.0
1261,252276928.0
1262,319700000.0
1263,175361578.0
1264,326073155.0
1265,212417601.0
1266,197692062.0
1267,140561831.0
1268,114962525.0
1269,139000000.0
1270,157852532.0
1271,218535708.0
1272,182291969.0
1273,231716374.0
1274,102115888.0
1275,90221182.0
1276,126204977.0
1277,83109359.0
1278,83226569.0
1279,85911226.0
1280,113354449.0
1281,65063726.0
1282,60376247.0
1283,56968169.0
1284,146595891.0
1285,104444374.0
1286,96096018.0
1287,53293628.0
1288,95104304.0
1289,48169910.0
1290,89102315.0
1291,58894863.0
1292,70187088.0
1293,65303052.0
1294,85761789.0
1295,103787401.0
1296,77392139.0
1297,65084116.0
1298,46309644.0
1299,165103952.0
1300,75281179.0
1301,84606030.0
1302,45680201.0
1303,50359876.0
1304,115476509.0
1305,99423000.0
1306,33422806.0
1307,33500620.0
1308,111854182.0
1309,68712365.0
1310,68712365.0
1311,77220596.0
1312,30307804.0
1313,97799865.0
1314,52649951.0
1315,54768418.0
1316,86648359.0
1317,27107960.0
1318,73026302.0
1319,26613620.0
1320,35426759.0
1321,37066129.0
1322,25078937.0
1323,28391473.0
1324,22913677.0
1325,31393201.0
1326,34480045.0
1327,64188387.0
1328,33422485.0
1329,20606053.0
1330,29882645.0
1331,39340177.0
1332,15471969.0
1333,63211088.0
1334,14471440.0
1335,61721826.0
1336,13264986.0
1337,12506188.0
1338,24405825.0
1339,31878891.0
1340,18376443.0
1341,18376443.0
1342,10319915.0
1343,12254746.0
1344,12819501.0
1345,15461638.0
1346,61173364.0
1347,27480015.0
1348,10157534.0
1349,42064105.0
1350,16830252.0
1351,6448817.0
1352,4651977.0
1353,2221994.0
1354,2000000.0
1355,1500000.0
1356,630779.0
1357,17967746.0
1358,19282590.0
1359,11106.0
1360,11106.0
1361,62831715.0
1362,348319861.0
1363,63802928.0
1364,32014993.0
1365,11263966.0
1366,10672566.0
1367,10672566.0
1368,6543194.0
1369,10392666.0
1370,236500000.0
1371,173559438.0
1372,79958599.0
1373,165552290.0
1374,54533774.0
1375,41495213.0
1376,21621188.0
1377,8408835.0
1378,27610873.0
1379,357687.0
1380,572705079.0
1381,113019290.0
1382,48425971.0
1383,24159934.0
1384,220236410.0
1385,152036382.0
1386,126539117.0
1387,116898028.0
1388,99296462.0
1389,59450353.0
1390,70587268.0
1391,140428499.0
1392,89441732.0
1393,82339483.0
1394,82332450.0
1395,36299670.0
1396,77593167.0
1397,94875000.0
1398,39498360.0
1399,61477797.0
1400,27392609.0
1401,18552460.0
1402,29948322.0
1403,43603990.0
1404,16640210.0
1405,18195238.0
1406,4357406.0
1407,3588602.0
1408,2899970.0
1409,1308696.0
1410,81250488.0
1411,35643433.0
1412,160558438.0
1413,106282604.0
1414,258210860.0
1415,210300000.0
1416,164350409.0
1417,100655892.0
1418,68079671.0
1419,30885781.0
1420,15826984.0
1421,364545516.0
1422,306776732.0
1423,228641283.0
1424,286500000.0
1425,197618160.0
1426,283200000.0
1427,200500000.0
1428,177025498.0
1429,136706683.0
1430,212453431.0
1431,167791704.0
1432,167791704.0
1433,191502246.0
1434,212400000.0
1435,165334774.0
1436,176885658.0
1437,181489203.0
1438,232016402.0
1439,328125643.0
1440,156822020.0
1441,142051255.0
1442,166842739.0
1443,116117340.0
1444,169173206.0
1445,160247805.0
1446,103284813.0
1447,74787599.0
1448,92494381.0
1449,160502573.0
1450,170466405.0
1451,115121608.0
1452,107054484.0
1453,122529966.0
1454,71172251.0
1455,246100000.0
1456,133085295.0
1457,105173042.0
1458,61950770.0
1459,64170447.0
1460,81529000.0
1461,115150424.0
1462,65121280.0
1463,96439723.0
1464,162942835.0
1465,197593152.0
1466,155769678.0
1467,114770654.0
1468,82148538.0
1469,83282296.0
1470,52880016.0
1471,88725208.0
1472,70200000.0
1473,62432423.0
1474,51041856.0
1475,129779728.0
1476,152627960.0
1477,89955540.0
1478,78571737.0
1479,45892212.0
1480,54052249.0
1481,42799060.0
1482,69057415.0
1483,165889117.0
1484,91388487.0
1485,70768144.0
1486,47902566.0
1487,53572822.0
1488,51618420.0
1489,80276156.0
1490,38747385.0
1491,41457834.0
1492,81613606.0
1493,84646831.0
1494,38122000.0
1495,51327406.0
1496,61449135.0
1497,65390493.0
1498,102716321.0
1499,46225326.0
1500,38462071.0
1501,48559999.0
1502,87956618.0
1503,33315804.0
1504,61623819.0
1505,29356757.0
1506,50145607.0
1507,29203383.0
1508,26214846.0
1509,26708196.0
1510,104283753.0
1511,60772856.0
1512,21827296.0
1513,67255916.0
1514,21758371.0
1515,36040895.0
1516,60512680.0
1517,19035741.0
1518,30962112.0
1519,23676771.0
1520,36722311.0
1521,19892205.0
1522,26857459.0
1523,32955399.0
1524,26323969.0
1525,16295774.0
1526,43440721.0
1527,27147991.0
1528,16910708.0
1529,15358583.0
1530,21601257.0
1531,21601257.0
1532,26184400.0
1533,48330757.0
1534,12017369.0
1535,11578022.0
1536,17865209.0
1537,19599974.0
1538,23353111.0
1539,58228460.0
1540,18535575.0
1541,64352607.0
1542,8845575.0
1543,5321508.0
1544,15313631.0
1545,18765585.0
1546,6460758.0
1547,3252550.0
1548,35891257.0
1549,3721988.0
1550,7755686.0
1551,52339566.0
1552,929157.0
1553,168832.0
1554,25199891.0
1555,286995378.0
1556,187707495.0
1557,77975209.0
1558,97413527.0
1559,45336404.0
1560,54045832.0
1561,28452945.0
1562,24716190.0
1563,20146150.0
1564,33013805.0
1565,10066366.0
1566,25899797.0
1567,7720745.0
1568,4559569.0
1569,15452978.0
1570,504050219.0
1571,333080271.0
1572,201867526.0
1573,140894685.0
1574,139109346.0
1575,105159085.0
1576,94050951.0
1577,131459870.0
1578,94500826.0
1579,101379287.0
1580,64474705.0
1581,112914167.0
1582,94728529.0
1583,195300000.0
1584,71430876.0
1585,82183683.0
1586,77477297.0
1587,97531134.0
1588,102053581.0
1589,91943956.0
1590,39360491.0
1591,126549607.0
1592,40966716.0
1593,33000377.0
1594,33139618.0
1595,31390587.0
1596,38959900.0
1597,63129909.0
1598,55307857.0
1599,62108587.0
1600,46752858.0
1601,73421224.0
1602,38159905.0
1603,31320293.0
1604,39134983.0
1605,16311335.0
1606,8891623.0
1607,8434601.0
1608,8165213.0
1609,8592432.0
1610,5686694.0
1611,12031443.0
1612,219265952.0
1613,187500000.0
1614,96673002.0
1615,43607627.0
1616,31157914.0
1617,27187653.0
1618,50578411.0
1619,26939925.0
1620,15815509.0
1621,96900000.0
1622,73826768.0
1623,60527873.0
1624,57229890.0
1625,44270131.0
1626,92891935.0
1627,130759651.0
1628,80681183.0
1629,31770413.0
1630,55495466.0
1631,55495466.0
1632,21500000.0
1633,27257061.0
1634,45160110.0
1635,28773827.0
1636,13174426.0
1637,10618813.0
1638,10341093.0
1639,8712564.0
1640,9352089.0
1641,5204007.0
1642,16566235.0
1643,2412123.0
1644,1545064.0
1645,185904750.0
1646,160822438.0
1647,177344230.0
1648,279500000.0
1649,202000000.0
1650,102404019.0
1651,201324422.0
1652,65705772.0
1653,61308153.0
1654,68613992.0
1655,96666486.0
1656,146850273.0
1657,50800000.0
1658,81275291.0
1659,90396664.0
1660,75763814.0
1661,63489752.0
1662,67647574.0
1663,38788828.0
1664,33200000.0
1665,27866213.0
1666,28703083.0
1667,16521410.0
1668,30601801.0
1669,14469428.0
1670,33713827.0
1671,18496522.0
1672,6154172.0
1673,1083350.0
1674,34246770.0
1675,135436.0
1676,30593313.0
1677,86301599.0
1678,28575778.0
1679,622420667.0
1680,441286003.0
1681,412800000.0
1682,274543085.0
1683,153733265.0
1684,410900000.0
1685,321365567.0
1686,125339088.0
1687,181185387.0
1688,89476265.0
1689,114576403.0
1690,137984788.0
1691,102992536.0
1692,171302226.0
1693,142033509.0
1694,78656813.0
1695,120832383.0
1696,164051250.0
1697,281527158.0
1698,152500343.0
1699,149228078.0
1700,98406855.0
1701,96633833.0
1702,56505065.0
1703,91036760.0
1704,112798051.0
1705,52543354.0
1706,115036108.0
1707,81249176.0
1708,123696741.0
1709,71390601.0
1710,58240458.0
1711,128745578.0
1712,46743809.0
1713,55090374.0
1714,44942821.0
1715,64594061.0
1716,43984000.0
1717,97030468.0
1718,41076865.0
1719,77208711.0
1720,60694737.0
1721,55443032.0
1722,41560117.0
1723,40796145.0
1724,36833473.0
1725,39217912.0
1726,38351350.0
1727,35990505.0
1728,119923801.0
1729,59183821.0
1730,56434942.0
1731,55279608.0
1732,234981342.0
1733,50692188.0
1734,66015869.0
1735,70326393.0
1736,38749404.0
1737,82150642.0
1738,29548291.0
1739,29276904.0
1740,28241469.0
1741,32092761.0
1742,39393111.0
1743,32223424.0
1744,25732334.0
1745,39126427.0
1746,29863840.0
1747,22032635.0
1748,47835784.0
1749,22411948.0
1750,36054706.0
1751,101937062.0
1752,32209741.0
1753,24591031.0
1754,20718223.0
1755,22910563.0
1756,71009334.0
1757,21970831.0
1758,16118077.0
1759,19233280.0
1760,23506237.0
1761,36682170.0
1762,15468266.0
1763,26341896.0
1764,24355762.0
1765,16727470.0
1766,16727470.0
1767,31635150.0
1768,51702929.0
1769,13973532.0
1770,13973532.0
1771,14334401.0
1772,13038660.0
1773,28012862.0
1774,28090896.0
1775,11603545.0
1776,15907411.0
1777,16425701.0
1778,13424365.0
1779,11100000.0
1780,27572844.0
1781,11229035.0
1782,10731997.0
1783,12219367.0
1784,11253821.0
1785,11115766.0
1786,10039566.0
1787,9286314.0
1788,29206732.0
1789,7164995.0
1790,5778353.0
1791,5654777.0
1792,5516708.0
1793,18991288.0
1794,4064333.0
1795,4049527.0
1796,20052958.0
1797,38112154.0
1798,3605420.0
1799,12413949.0
1800,2962177.0
1801,1190003.0
1802,1415656.0
1803,780326.0
1804,9313302.0
1805,146149.0
1806,5297411.0
1807,91116.0
1808,133000000.0
1809,101363301.0
1810,86765463.0
1811,156229050.0
1812,70027933.0
1813,85527867.0
1814,41798224.0
1815,40020622.0
1816,32662299.0
1817,67348218.0
1818,36856306.0
1819,29823162.0
1820,28871190.0
1821,27732366.0
1822,83660160.0
1823,35792945.0
1824,16980098.0
1825,16304786.0
1826,12372410.0
1827,24474463.0
1828,8427204.0
1829,4356126.0
1830,669276.0
1831,1696765.0
1832,102236596.0
1833,534171960.0
1834,190191646.0
1835,86930411.0
1836,141247413.0
1837,112036870.0
1838,77735925.0
1839,53182088.0
1840,38684906.0
1841,48783090.0
1842,21973182.0
1843,36374700.0
1844,18653615.0
1845,19123851.0
1846,43145662.0
1847,43145662.0
1848,15728335.0
1849,13019253.0
1850,12803305.0
1851,12291975.0
1852,12291975.0
1853,11778396.0
1854,10660147.0
1855,7018525.0
1856,24489150.0
1857,50813834.0
1858,2715657.0
1859,38119483.0
1860,131263370.0
1861,30864649.0
1862,517600000.0
1863,360099999.0
1864,189800000.0
1865,146590987.0
1866,80491516.0
1867,175516617.0
1868,70949793.0
1869,55762229.0
1870,94270488.0
1871,127767889.0
1872,95708457.0
1873,110521733.0
1874,77229695.0
1875,92542418.0
1876,57520063.0
1877,41771168.0
1878,70536870.0
1879,63504795.0
1880,33762400.0
1881,25842377.0
1882,45273464.0
1883,25044057.0
1884,51695362.0
1885,25873142.0
1886,19288130.0
1887,22861785.0
1888,69698495.0
1889,14252830.0
1890,13555988.0
1891,20034713.0
1892,15434375.0
1893,10696210.0
1894,9818792.0
1895,6047691.0
1896,5000000.0
1897,9448623.0
1898,19563579.0
1899,4065020.0
1900,23134075.0
1901,12000000.0
1902,791154.0
1903,92987651.0
1904,24419219.0
1905,74363777.0
1906,236412453.0
1907,52037603.0
1908,45785720.0
1909,42273609.0
1910,43728560.0
1911,38017873.0
1912,43632609.0
1913,39319801.0
1914,81452811.0
1915,17760244.0
1916,17589867.0
1917,10108016.0
1918,6830957.0
1919,5046038.0
1920,69701637.0
1921,30241435.0
1922,389925971.0
1923,358994850.0
1924,337700000.0
1925,276665036.0
1926,318000141.0
1927,164675402.0
1928,275726716.0
1929,183097323.0
1930,171685793.0
1931,208900376.0
1932,154218168.0
1933,93931360.0
1934,98114471.0
1935,175507800.0
1936,131945303.0
1937,118537627.0
1938,118537627.0
1939,122133227.0
1940,111448997.0
1941,71232214.0
1942,66776571.0
1943,92678948.0
1944,60831067.0
1945,181025343.0
1946,56398162.0
1947,182875643.0
1948,60961307.0
1949,60961307.0
1950,53976987.0
1951,66776908.0
1952,85146165.0
1953,109862682.0
1954,140122225.0
1955,81461343.0
1956,67192859.0
1957,96147688.0
1958,90206716.0
1959,43658157.0
1960,78769428.0
1961,86858578.0
1962,44821299.0
1963,70743839.0
1964,37672944.0
1965,37537675.0
1966,41342180.0
1967,46169871.0
1968,81424988.0
1969,35841901.0
1970,67950723.0
1971,35450113.0
1972,36265745.0
1973,73135439.0
1974,47666013.0
1975,132121212.0
1976,41296320.0
1977,53191101.0
1978,50274834.0
1979,32051917.0
1980,48680977.0
1981,57293371.0
1982,31678778.0
1983,46604054.0
1984,68349884.0
1985,51445503.0
1986,66143005.0
1987,29227561.0
1988,28933853.0
1989,47881663.0
1990,30399714.0
1991,44513466.0
1992,26792700.0
1993,65454793.0
1994,47508505.0
1995,25728961.0
1996,32838945.0
1997,30703845.0
1998,48958353.0
1999,34614964.0
2000,38164784.0
2001,39686769.0
2002,21413105.0
2003,27688744.0
2004,29870801.0
2005,27911453.0
2006,30808558.0
2007,20081987.0
2008,34787111.0
2009,20819601.0
2010,18826490.0
2011,18400000.0
2012,56822960.0
2013,18310591.0
2014,55686944.0
2015,17807569.0
2016,55975672.0
2017,22119269.0
2018,102034104.0
2019,16988996.0
2020,59667625.0
2021,23661038.0
2022,74180745.0
2023,16612072.0
2024,17430594.0
2025,15473333.0
2026,18250106.0
2027,19121531.0
2028,33943049.0
2029,36720752.0
2030,30163785.0
2031,13801755.0
2032,35472739.0
2033,32632668.0
2034,14566246.0
2035,13725032.0
2036,13383747.0
2037,29843245.0
2038,26348203.0
2039,23390380.0
2040,15466961.0
2041,12398628.0
2042,17306648.0
2043,28270399.0
2044,11744960.0
2045,30894247.0
2046,27836366.0
2047,10686841.0
2048,10570375.0
2049,10555348.0
2050,34600000.0
2051,16907831.0
2052,9208876.0
2053,9355369.0
2054,16723377.0
2055,10393696.0
2056,8135024.0
2057,8692898.0
2058,8047525.0
2059,18273009.0
2060,8000000.0
2061,28058652.0
2062,7022183.0
2063,6882696.0
2064,6947084.0
2065,7965983.0
2066,6201757.0
2067,8300821.0
2068,6071433.0
2069,14807531.0
2070,7405084.0
2071,12967829.0
2072,8178569.0
2073,14603001.0
2074,4453327.0
2075,4504111.0
2076,12397613.0
2077,25361206.0
2078,5531756.0
2079,4383538.0
2080,8361736.0
2081,2000000.0
2082,5313608.0
2083,1646664.0
2084,5345869.0
2085,6093725.0
2086,1065907.0
2087,8221700.0
2088,2282710.0
2089,873617.0
2090,3407430.0
2091,10468867.0
2092,375474.0
2093,305070.0
2094,277943.0
2095,47300771.0
2096,26146072.0
2097,5694213.0
2098,14883495.0
2099,23346219.0
2100,22139590.0
2101,5918742.0
2102,774905.0
2103,16498827.0
2104,15118795.0
2105,5617460.0
2106,2406666.0
2107,385524862.0
2108,424200000.0
2109,215448997.0
2110,58571513.0
2111,101564935.0
2112,51733921.0
2113,70164105.0
2114,44414369.0
2115,68467960.0
2116,65090541.0
2117,56445534.0
2118,32618920.0
2119,76086711.0
2120,34352162.0
2121,15911332.0
2122,8123860.0
2123,7576604.0
2124,5714913.0
2125,4750000.0
2126,2119994.0
2127,1353824.0
2128,47751015.0
2129,109175673.0
2130,22498520.0
2131,32679264.0
2132,13711903.0
2133,270594534.0
2134,351620129.0
2135,151668774.0
2136,141809235.0
2137,130953026.0
2138,87000000.0
2139,144529078.0
2140,92935067.0
2141,65842412.0
2142,92357499.0
2143,77147031.0
2144,91651017.0
2145,67683989.0
2146,73695194.0
2147,51973029.0
2148,57193655.0
2149,47158652.0
2150,57490024.0
2151,103215094.0
2152,41382841.0
2153,41300105.0
2154,102912961.0
2155,77635035.0
2156,62646763.0
2157,26936265.0
2158,26400000.0
2159,42167286.0
2160,24911670.0
2161,27148898.0
2162,23380203.0
2163,36133014.0
2164,80227619.0
2165,19739000.0
2166,60217171.0
2167,29934477.0
2168,21361109.0
2169,16959614.0
2170,23889158.0
2171,19685588.0
2172,17360801.0
2173,16382538.0
2174,13747234.0
2175,27491653.0
2176,13400000.0
2177,14189810.0
2178,11813989.0
2179,16011975.0
2180,14488705.0
2181,7190505.0
2182,6734844.0
2183,15696146.0
2184,6000000.0
2185,5828466.0
2186,27794339.0
2187,5675599.0
2188,17026609.0
2189,23910210.0
2190,6841142.0
2191,9082906.0
2192,13203044.0
2193,2483790.0
2194,676698.0
2195,315000.0
2196,627422.0
2197,6784.0
2198,6905861.0
2199,14518884.0
2200,169955142.0
2201,90508336.0
2202,148586910.0
2203,109843390.0
2204,99135571.0
2205,36521223.0
2206,20159316.0
2207,7285135.0
2208,325491.0
2209,207765056.0
2210,183316455.0
2211,136890774.0
2212,125250091.0
2213,72045477.0
2214,109793192.0
2215,72835710.0
2216,116044347.0
2217,97778356.0
2218,45707924.0
2219,70355813.0
2220,95092667.0
2221,57263440.0
2222,30331165.0
2223,38028230.0
2224,24719879.0
2225,23734486.0
2226,21170563.0
2227,19693891.0
2228,16316273.0
2229,15680099.0
2230,11634458.0
2231,11227824.0
2232,10000000.0
2233,20465206.0
2234,16510971.0
2235,8607815.0
2236,9729088.0
2237,10637281.0
2238,2694071.0
2239,2315000.0
2240,2110050.0
2241,364607.0
2242,766112.0
2243,7155967.0
2244,2281089.0
2245,58011485.0
2246,43848100.0
2247,134993774.0
2248,39380876.0
2249,16157923.0
2250,13636339.0
2251,239500000.0
2252,246400000.0
2253,92831115.0
2254,119739110.0
2255,53977250.0
2256,54294169.0
2257,68582095.0
2258,128256712.0
2259,78208812.0
2260,78208812.0
2261,40363530.0
2262,50517763.0
2263,52545707.0
2264,43057552.0
2265,29090445.0
2266,28734552.0
2267,30987695.0
2268,50103808.0
2269,81742618.0
2270,104504817.0
2271,56506120.0
2272,21657770.0
2273,31943401.0
2274,15980376.0
2275,14792779.0
2276,14108518.0
2277,14553807.0
2278,13854000.0
2279,11810854.0
2280,11540112.0
2281,12900000.0
2282,14839383.0
2283,4734235.0
2284,4217115.0
2285,8120148.0
2286,3442853.0
2287,7585011.0
2288,1686429.0
2289,2814566.0
2290,1467278.0
2291,31631.0
2292,47707417.0
2293,1844228.0
2294,13771817.0
2295,1693000.0
2296,1237615.0
2297,517262.0
2298,318623.0
2299,7000000.0
2300,12930343.0
2301,476684675.0
2302,316300000.0
2303,356800601.0
2304,177200000.0
2305,167780960.0
2306,430821168.0
2307,356258047.0
2308,213514672.0
2309,216600000.0
2310,173046663.0
2311,93589701.0
2312,227773686.0
2313,73326666.0
2314,148095566.0
2315,69847348.0
2316,67182787.0
2317,76954311.0
2318,128885873.0
2319,55934178.0
2320,128955898.0
2321,50003303.0
2322,50000000.0
2323,67215435.0
2324,52461017.0
2325,52461017.0
2326,63706632.0
2327,55534455.0
2328,61788393.0
2329,57586606.0
2330,40283321.0
2331,39100956.0
2332,62401343.0
2333,52501541.0
2334,69995385.0
2335,122147772.0
2336,78054825.0
2337,35007180.0
2338,34499204.0
2339,40127259.0
2340,40862054.0
2341,33508485.0
2342,30857000.0
2343,37659652.0
2344,30261293.0
2345,30138912.0
2346,33118854.0
2347,29145924.0
2348,64232714.0
2349,31070412.0
2350,27709625.0
2351,47721314.0
2352,43111725.0
2353,27469621.0
2354,34820335.0
2355,55669466.0
2356,87989926.0
2357,63954968.0
2358,52189039.0
2359,38574362.0
2360,47011449.0
2361,21896367.0
2362,37466538.0
2363,20609977.0
2364,20601987.0
2365,19344615.0
2366,17507368.0
2367,46189568.0
2368,36068890.0
2369,49894223.0
2370,18260865.0
2371,22018988.0
2372,39238443.0
2373,14249005.0
2374,59168692.0
2375,18524496.0
2376,18856151.0
2377,13248444.0
2378,26170402.0
2379,12801190.0
2380,12669914.0
2381,12212417.0
2382,12419700.0
2383,11156471.0
2384,10763469.0
2385,10845127.0
2386,14811980.0
2387,9929135.0
2388,10951153.0
2389,12262065.0
2390,9307166.0
2391,19153568.0
2392,8735529.0
2393,14933713.0
2394,8378141.0
2395,8224998.0
2396,34533783.0
2397,9300336.0
2398,11919578.0
2399,8767338.0
2400,6561243.0
2401,35106706.0
2402,5217498.0
2403,4956401.0
2404,16829464.0
2405,4023741.0
2406,6551310.0
2407,34247816.0
2408,11173718.0
2409,6379575.0
2410,1954202.0
2411,1953732.0
2412,8200127.0
2413,1970268.0
2414,1405032.0
2415,529766.0
2416,5953886.0
2417,353743.0
2418,7885048.0
2419,7583050.0
2420,76382.0
2421,1590246.0
2422,61847.0
2423,1148578.0
2424,22723.0
2425,22441.0
2426,20898221.0
2427,3439835.0
2428,909822.0
2429,29050.0
2430,3471.0
2431,70906973.0
2432,117813057.0
2433,565801.0
2434,159157447.0
2435,543306.0
2436,432645872.0
2437,320100000.0
2438,384519665.0
2439,139700000.0
2440,70001698.0
2441,155056263.0
2442,75525718.0
2443,102836002.0
2444,125212904.0
2445,125212904.0
2446,185400000.0
2447,72571864.0
2448,34729091.0
2449,30628981.0
2450,115592104.0
2451,27450453.0
2452,25608779.0
2453,25873145.0
2454,25011000.0
2455,21410546.0
2456,19637147.0
2457,30443277.0
2458,15549702.0
2459,22815460.0
2460,15171475.0
2461,15064948.0
2462,14395874.0
2463,13800000.0
2464,16951798.0
2465,13024170.0
2466,13205411.0
2467,12452601.0
2468,20597806.0
2469,10397365.0
2470,11166615.0
2471,14121177.0
2472,12591270.0
2473,4741987.0
2474,5782198.0
2475,25187026.0
2476,4288246.0
2477,20537741.0
2478,2461628.0
2479,1755212.0
2480,1000000.0
2481,274299.0
2482,266967.0
2483,623292.0
2484,11354230.0
2485,177012173.0
2486,56598476.0
2487,29027914.0
2488,33035736.0
2489,11732088.0
2490,93631744.0
2491,892506.0
2492,164247.0
2493,7229933.0
2494,54323210.0
2495,123922370.0
2496,331266710.0
2497,122244329.0
2498,99034125.0
2499,73523705.0
2500,62452927.0
2501,57300000.0
2502,71169412.0
2503,49369899.0
2504,50445860.0
2505,73180297.0
2506,44726644.0
2507,54837234.0
2508,42174545.0
2509,60414025.0
2510,28972187.0
2511,27979399.0
2512,27151490.0
2513,27066941.0
2514,34166572.0
2515,26570048.0
2516,42195766.0
2517,37065887.0
2518,32382381.0
2519,22391450.0
2520,18733666.0
2521,33069303.0
2522,19929123.0
2523,16757163.0
2524,36226429.0
2525,67867998.0
2526,109421911.0
2527,11141213.0
2528,10020081.0
2529,8064972.0
2530,7881335.0
2531,6276869.0
2532,5871603.0
2533,5002310.0
2534,8130727.0
2535,4857374.0
2536,3260555.0
2537,11831131.0
2538,3058380.0
2539,2104439.0
2540,23014027.0
2541,12986189.0
2542,2898225.0
2543,1152117.0
2544,2613717.0
2545,6459183.0
2546,1375635.0
2547,1375635.0
2548,509193.0
2549,3617277.0
2550,69821476.0
2551,39730644.0
2552,33436931.0
2553,46370970.0
2554,23367586.0
2555,16193713.0
2556,26735797.0
2557,10725228.0
2558,44083403.0
2559,7000000.0
2560,11277119.0
2561,4360548.0
2562,45557491.0
2563,2272186.0
2564,1612957.0
2565,1412799.0
2566,69826708.0
2567,3931367.0
2568,9376444.0
2569,81972846.0
2570,470700000.0
2571,402735134.0
2572,307166834.0
2573,234723148.0
2574,113373764.0
2575,100919111.0
2576,79817937.0
2577,95800000.0
2578,77063461.0
2579,74433837.0
2580,107217396.0
2581,82497035.0
2582,110989157.0
2583,123681790.0
2584,63118386.0
2585,62500000.0
2586,103028188.0
2587,39012241.0
2588,43353117.0
2589,98963392.0
2590,37400000.0
2591,85512300.0
2592,41924774.0
2593,52223306.0
2594,57577765.0
2595,31286759.0
2596,31222395.0
2597,43924923.0
2598,27281507.0
2599,56131239.0
2600,32700439.0
2601,22921898.0
2602,32248241.0
2603,21867665.0
2604,21133087.0
2605,21089146.0
2606,19000000.0
2607,28915761.0
2608,24761360.0
2609,17322212.0
2610,17292381.0
2611,22750356.0
2612,89177486.0
2613,14010363.0
2614,12905901.0
2615,17475475.0
2616,44200000.0
2617,43281552.0
2618,84970337.0
2619,92863945.0
2620,12516222.0
2621,8138000.0
2622,35830713.0
2623,6982680.0
2624,8706701.0
2625,46730578.0
2626,5549923.0
2627,6200000.0
2628,4922166.0
2629,4984663.0
2630,4880941.0
2631,23693646.0
2632,5295909.0
2633,16349034.0
2634,2326407.0
2635,2104164.0
2636,2062406.0
2637,1779284.0
2638,12079308.0
2639,1506998.0
2640,19287485.0
2641,994790.0
2642,1200346.0
2643,557545.0
2644,450594.0
2645,378650.0
2646,7203439.0
2647,220175.0
2648,1513388.0
2649,196857.0
2650,178287.0
2651,6553186.0
2652,87793.0
2653,14616.0
2654,1595168.0
2655,48856.0
2656,57469179.0
2657,99721162.0
2658,29830239.0
2659,786598007.0
2660,148168459.0
2661,111859493.0
2662,129262388.0
2663,274392880.0
2664,85278712.0
2665,52929168.0
2666,78356170.0
2667,49793054.0
2668,97837138.0
2669,46060915.0
2670,83088295.0
2671,62076141.0
2672,75803716.0
2673,39984023.0
2674,56758138.0
2675,31672000.0
2676,31672000.0
2677,69752402.0
2678,25116103.0
2679,21171695.0
2680,20388920.0
2681,20082512.0
2682,56178935.0
2683,14786394.0
2684,13719474.0
2685,13558739.0
2686,32943247.0
2687,19947280.0
2688,21502976.0
2689,13000959.0
2690,9170214.0
2691,4814244.0
2692,4234355.0
2693,13353855.0
2694,24150550.0
2695,2794056.0
2696,2200000.0
2697,3231251.0
2698,355968.0
2699,229653.0
2700,74056184.0
2701,10431506.0
2702,2059112.0
2703,2862544.0
2704,32575443.0
2705,31341183.0
2706,261364.0
2707,792965326.0
2708,68700000.0
2709,14140402.0
2710,125169.0
2711,1610194.0
2712,18726300.0
2713,1066555.0
2714,225933435.0
2715,187281115.0
2716,85300000.0
2717,163876815.0
2718,99191640.0
2719,90453550.0
2720,63465522.0
2721,135759694.0
2722,63320521.0
2723,92094360.0
2724,52293000.0
2725,120678444.0
2726,50752337.0
2727,134639780.0
2728,40485039.0
2729,50100000.0
2730,41004412.0
2731,58939035.0
2732,37402877.0
2733,44451470.0
2734,36230219.0
2735,67093565.0
2736,35073978.0
2737,33526835.0
2738,90384306.0
2739,33000000.0
2740,32100816.0
2741,33886017.0
2742,43948865.0
2743,38067218.0
2744,83593107.0
2745,83593107.0
2746,30050028.0
2747,29500000.0
2748,29317886.0
2749,68541786.0
2750,38364855.0
2751,54104225.0
2752,39803818.0
2753,49486874.0
2754,25697647.0
2755,25358996.0
2756,24660323.0
2757,31556959.0
2758,78693371.0
2759,20766000.0
2760,20384136.0
2761,26716191.0
2762,21851362.0
2763,18272447.0
2764,17657973.0
2765,17536256.0
2766,19080435.0
2767,19535005.0
2768,16153000.0
2769,17033556.0
2770,28649556.0
2771,15198912.0
2772,15164492.0
2773,15297318.0
2774,34240572.0
2775,15875318.0
2776,13684949.0
2777,17300838.0
2778,12554569.0
2779,11924041.0
2780,19860259.0
2781,12179708.0
2782,10571408.0
2783,21094974.0
2784,9408183.0
2785,31164747.0
2786,8801940.0
2787,8629895.0
2788,14156753.0
2789,7843145.0
2790,13423176.0
2791,21596074.0
2792,11766959.0
2793,7862131.0
2794,8890094.0
2795,6719864.0
2796,6491969.0
2797,6197866.0
2798,6244618.0
2799,33512260.0
2800,6000000.0
2801,7501132.0
2802,7037886.0
2803,4690802.0
2804,4708127.0
2805,3336053.0
2806,3275585.0
2807,6030047.0
2808,3168858.0
2809,5149131.0
2810,3000000.0
2811,3260179.0
2812,2529395.0
2813,2373937.0
2814,11400000.0
2815,3623609.0
2816,1884251.0
2817,1641788.0
2818,1638202.0
2819,1562800.0
2820,3541565.0
2821,32430721.0
2822,4659110.0
2823,1953882.0
2824,1011054.0
2825,900926.0
2826,22198996.0
2827,836641.0
2828,598645.0
2829,1299855.0
2830,42776032.0
2831,630427.0
2832,5045359.0
2833,290875.0
2834,226792.0
2835,295750.0
2836,173472.0
2837,355919.0
2838,721108.0
2839,241719.0
2840,126247.0
2841,109383.0
2842,106466.0
2843,723388.0
2844,70527.0
2845,109144.0
2846,45779.0
2847,19716.0
2848,9069.0
2849,1537479.0
2850,17704131.0
2851,173613.0
2852,15037867.0
2853,8243567.0
2854,1642939.0
2855,1230542.0
2856,997921.0
2857,552641.0
2858,314073.0
2859,90909.0
2860,458054.0
2861,17553055.0
2862,36787044.0
2863,5256839.0
2864,59675307.0
2865,111600000.0
2866,14114000.0
2867,5278632.0
2868,118482.0
2869,60000000.0
2870,87226613.0
2871,21817298.0
2872,19571091.0
2873,5797456.0
2874,4204857.0
2875,17155193.0
2876,20927794.0
2877,203630630.0
2878,80500000.0
2879,111533636.0
2880,141200000.0
2881,36049108.0
2882,34572780.0
2883,44196684.0
2884,36535837.0
2885,20035310.0
2886,18225165.0
2887,17804273.0
2888,28773637.0
2889,16235738.0
2890,13075390.0
2891,12512317.0
2892,17462398.0
2893,10176701.0
2894,12657377.0
2895,13061935.0
2896,4934104.0
2897,4777465.0
2898,4333569.0
2899,3438735.0
2900,2548378.0
2901,1069318.0
2902,4313644.0
2903,883887.0
2904,454255.0
2905,184255.0
2906,1635241.0
2907,14443.0
2908,1242.0
2909,3440939.0
2910,2243.0
2911,22744132.0
2912,32968648.0
2913,47417251.0
2914,68695443.0
2915,43528634.0
2916,50334418.0
2917,32222567.0
2918,29200000.0
2919,22885836.0
2920,17202854.0
2921,20288774.0
2922,10292010.0
2923,7573551.0
2924,17220091.0
2925,4273372.0
2926,30298347.0
2927,198883.0
2928,42355526.0
2929,6831069.0
2930,50827466.0
2931,2598224.0
2932,25670174.0
2933,1353296.0
2934,30017697.0
2935,286214286.0
2936,212928762.0
2937,76657000.0
2938,62599495.0
2939,100642353.0
2940,76200721.0
2941,52287414.0
2942,82955633.0
2943,43000000.0
2944,50811858.0
2945,41334735.0
2946,34873513.0
2947,28315272.0
2948,53068955.0
2949,47782426.0
2950,25919211.0
2951,24474312.0
2952,82000000.0
2953,22549338.0
2954,20036244.0
2955,20036244.0
2956,18959424.0
2957,18090181.0
2958,22591451.0
2959,22850872.0
2960,17394881.0
2961,29937909.0
2962,68838736.0
2963,28674417.0
2964,16585503.0
2965,12740705.0
2966,10629320.0
2967,8864699.0
2968,8279017.0
2969,6632950.0
2970,5656388.0
2971,10192613.0
2972,5531455.0
2973,20005613.0
2974,2275557.0
2975,2256606.0
2976,15644196.0
2977,2476491.0
2978,3582797.0
2979,590817.0
2980,589308.0
2981,973443.0
2982,458232.0
2983,524747.0
2984,456814.0
2985,2818394.0
2986,127188.0
2987,109338.0
2988,3270974.0
2989,2721534.0
2990,143782.0
2991,53086.0
2992,446438.0
2993,19585.0
2994,414617.0
2995,3129471.0
2996,24021282.0
2997,882290.0
2998,106593296.0
2999,43492389.0
3000,59101642.0
3001,36238752.0
3002,40016662.0
3003,33606409.0
3004,29652736.0
3005,10849158.0
3006,11843260.0
3007,11758418.0
3008,5142858.0
3009,4239767.0
3010,4151836.0
3011,8539003.0
3012,2204660.0
3013,555335.0
3014,1788324.0
3015,10834406.0
3016,32572.0
3017,13524.0
3018,9443864.0
3019,25397460.0
3020,12023606.0
3021,116000000.0
3022,12678312.0
3023,295492.0
3024,231450102.0
3025,231450102.0
3026,268500000.0
3027,170549753.0
3028,201463574.0
3029,40157856.0
3030,38158601.0
3031,161800000.0
3032,35795319.0
3033,47289758.0
3034,55617866.0
3035,56586901.0
3036,49924079.0
3037,25532388.0
3038,25000000.0
3039,97600000.0
3040,20257000.0
3041,18642318.0
3042,18190831.0
3043,20940428.0
3044,36146087.0
3045,16149180.0
3046,14618727.0
3047,14231669.0
3048,15471229.0
3049,17005466.0
3050,30360570.0
3051,10828305.0
3052,28142379.0
3053,8824553.0
3054,8373585.0
3055,10062896.0
3056,7824358.0
3057,25269040.0
3058,16866928.0
3059,5694308.0
3060,5430822.0
3061,4720371.0
3062,7017859.0
3063,2667084.0
3064,2165637.0
3065,2703821.0
3066,1891936.0
3067,17023121.0
3068,1661464.0
3069,1933829.0
3070,1429453.0
3071,1246141.0
3072,5010509.0
3073,1000000.0
3074,1732228.0
3075,1857458.0
3076,492108.0
3077,382946.0
3078,306715.0
3079,719699.0
3080,463039.0
3081,196067.0
3082,46488.0
3083,411874.0
3084,2053330.0
3085,1268346.0
3086,103962.0
3087,41410568.0
3088,44103982.0
3089,7950889.0
3090,927107.0
3091,49526.0
3092,9533964.0
3093,6812530.0
3094,223878.0
3095,828.0
3096,256873813.0
3097,56190094.0
3098,54215416.0
3099,42488161.0
3100,31899000.0
3101,24103594.0
3102,28383441.0
3103,18110152.0
3104,12376563.0
3105,10155691.0
3106,6173485.0
3107,20412841.0
3108,11745931.0
3109,3027956.0
3110,2025032.0
3111,1033810.0
3112,64148.0
3113,3149.0
3114,78019031.0
3115,79384539.0
3116,8902141.0
3117,4199874.0
3118,2108367.0
3119,137963328.0
3120,221148959.0
3121,102308900.0
3122,102300000.0
3123,52302978.0
3124,43700000.0
3125,39846344.0
3126,27958191.0
3127,46634275.0
3128,26004026.0
3129,25244700.0
3130,25059640.0
3131,34449356.0
3132,22168359.0
3133,20400000.0
3134,20695413.0
3135,49155371.0
3136,18504539.0
3137,14545844.0
3138,18209872.0
3139,12793213.0
3140,31716953.0
3141,58809149.0
3142,11784569.0
3143,10106975.0
3144,10557291.0
3145,17252287.0
3146,6852450.0
3147,8173486.0
3148,21197454.0
3149,10619770.0
3150,21787233.0
3151,4713059.0
3152,4398989.0
3153,6591365.0
3154,3273588.0
3155,3748479.0
3156,3456602.0
3157,3330012.0
3158,2522928.0
3159,11348205.0
3160,1290920.0
3161,773490.0
3162,509424.0
3163,408159.0
3164,391942.0
3165,267194.0
3166,181798.0
3167,119452.0
3168,117796.0
3169,1673635.0
3170,1365108.0
3171,4316497.0
3172,36497.0
3173,32544.0
3174,26007.0
3175,13722.0
3176,2120439.0
3177,3895664.0
3178,9662214.0
3179,15091.0
3180,69582.0
3181,86051320.0
3182,74566042.0
3183,7009668.0
3184,3281898.0
3185,531806.0
3186,14683763.0
3187,18527766.0
3188,159616327.0
3189,57453142.0
3190,50458356.0
3191,35811509.0
3192,41268579.0
3193,15700000.0
3194,8761608.0
3195,15155021.0
3196,4865000.0
3197,6148823.0
3198,1060512.0
3199,13480196.0
3200,56653.0
3201,28468.0
3202,24956.0
3203,863895.0
3204,8133256.0
3205,29197694.0
3206,440821.0
3207,786677.0
3208,20097.0
3209,1695126.0
3210,11633427.0
3211,9709597.0
3212,374890034.0
3213,202053386.0
3214,152925093.0
3215,161921515.0
3216,106582999.0
3217,79282312.0
3218,87536016.0
3219,140619520.0
3220,103590271.0
3221,44793222.0
3222,41833347.0
3223,36000000.0
3224,34872033.0
3225,64240813.0
3226,86362372.0
3227,44115496.0
3228,60611845.0
3229,39157326.0
3230,26010864.0
3231,35341814.0
3232,39723096.0
3233,25861249.0
3234,27342246.0
3235,109280263.0
3236,26853810.0
3237,41799626.0
3238,21277770.0
3239,20659423.0
3240,19438638.0
3241,19421271.0
3242,22141647.0
3243,25032000.0
3244,41699612.0
3245,26517819.0
3246,17499242.0
3247,15126948.0
3248,15000000.0
3249,14843425.0
3250,19600000.0
3251,31149251.0
3252,33649881.0
3253,30332385.0
3254,15318257.0
3255,12961389.0
3256,12947763.0
3257,12592907.0
3258,12232628.0
3259,17329337.0
3260,20765083.0
3261,11014090.0
3262,11000000.0
3263,10751126.0
3264,10732909.0
3265,10537341.0
3266,9669521.0
3267,16628751.0
3268,10206551.0
3269,8000000.0
3270,7100000.0
3271,6755271.0
3272,6157157.0
3273,16515203.0
3274,6590172.0
3275,5476060.0
3276,10676073.0
3277,4816142.0
3278,4414753.0
3279,7951247.0
3280,4815890.0
3281,3707583.0
3282,3807503.0
3283,5438120.0
3284,2821010.0
3285,2786939.0
3286,6205034.0
3287,2080693.0
3288,8655397.0
3289,1050861.0
3290,851690.0
3291,894030.0
3292,648183.0
3293,407488.0
3294,353480.0
3295,1375194.0
3296,228830.0
3297,5476793.0
3298,282687.0
3299,121016.0
3300,99147.0
3301,96760.0
3302,861325.0
3303,56001.0
3304,83356.0
3305,7556.0
3306,4568257.0
3307,1504960.0
3308,23347469.0
3309,6924321.0
3310,15198.0
3311,34175000.0
3312,82241110.0
3313,4494560.0
3314,4972016.0
3315,3061763.0
3316,1705139.0
3317,239962.0
3318,11000000.0
3319,3479302.0
3320,36751984.0
3321,3099369.0
3322,968805.0
3323,731767.0
3324,731767.0
3325,81198894.0
3326,242895809.0
3327,47923795.0
3328,27092880.0
3329,13417292.0
3330,25344490.0
3331,10400000.0
3332,7011317.0
3333,7388858.0
3334,3500000.0
3335,5428387.0
3336,1500000.0
3337,7301393.0
3338,1022649.0
3339,281447.0
3340,597989.0
3341,4556982.0
3342,2481925.0
3343,92723.0
3344,7838405.0
3345,11774.0
3346,108981275.0
3347,36145695.0
3348,9969237.0
3349,39374600.0
3350,10158355.0
3351,9791282.0
3352,8078683.0
3353,101740.0
3354,2542264.0
3355,109492484.0
3356,62546695.0
3357,117085297.0
3358,38251425.0
3359,36000000.0
3360,52819253.0
3361,49800000.0
3362,43766463.0
3363,50692666.0
3364,36275469.0
3365,21206861.0
3366,25448707.0
3367,14237880.0
3368,14237880.0
3369,13000000.0
3370,11744471.0
3371,10941801.0
3372,40107018.0
3373,10097096.0
3374,9821335.0
3375,11131455.0
3376,8200000.0
3377,10770993.0
3378,7555256.0
3379,11799060.0
3380,6000000.0
3381,4630045.0
3382,4301000.0
3383,9413956.0
3384,3816594.0
3385,3468572.0
3386,2922988.0
3387,5966671.0
3388,3858964.0
3389,1989035.0
3390,1919197.0
3391,1983596.0
3392,973613.0
3393,800000.0
3394,563711.0
3395,399793.0
3396,373375.0
3397,354704.0
3398,302204.0
3399,267972.0
3400,185577.0
3401,324218.0
3402,4854356.0
3403,146402.0
3404,120016.0
3405,75078.0
3406,64359.0
3407,34145.0
3408,679482.0
3409,12836.0
3410,978527.0
3411,4327.0
3412,442550.0
3413,63180.0
3414,390525192.0
3415,28350000.0
3416,23689877.0
3417,41914.0
3418,340930.0
3419,14873.0
3420,8000000.0
3421,2436111.0
3422,44462.0
3423,5000000.0
3424,44785053.0
3425,83453539.0
3426,257938649.0
3427,257938649.0
3428,27731527.0
3429,27936778.0
3430,40454520.0
3431,14000000.0
3432,13007551.0
3433,12800000.0
3434,12600000.0
3435,12000000.0
3436,10317779.0
3437,13795053.0
3438,6451628.0
3439,5923044.0
3440,3293258.0
3441,221096.0
3442,182695.0
3443,113783.0
3444,96793.0
3445,29233.0
3446,9871.0
3447,31063038.0
3448,20433227.0
3449,4124277.0
3450,12636.0
3451,33474334.0
3452,12405473.0
3453,5422740.0
3454,19875.0
3455,40262.0
3456,6965361.0
3457,7680.0
3458,33395426.0
3459,8000000.0
3460,14441158.0
3461,14314407.0
3462,2828590.0
3463,690872.0
3464,9644124.0
3465,123407.0
3466,177512032.0
3467,91265155.0
3468,87727807.0
3469,38236338.0
3470,33300000.0
3471,32653000.0
3472,55193251.0
3473,27788649.0
3474,58240487.0
3475,21163999.0
3476,20966644.0
3477,20123742.0
3478,19184820.0
3479,24600000.0
3480,17570324.0
3481,17489009.0
3482,15935068.0
3483,15000000.0
3484,13200000.0
3485,13000000.0
3486,12051924.0
3487,11052713.0
3488,10400000.0
3489,10172519.0
3490,10000000.0
3491,9017070.0
3492,9012000.0
3493,23376973.0
3494,7888000.0
3495,7301115.0
3496,7000000.0
3497,6879730.0
3498,7777790.0
3499,11322573.0
3500,30438635.0
3501,4142507.0
3502,11267511.0
3503,4570178.0
3504,4000000.0
3505,3902679.0
3506,4002884.0
3507,3660880.0
3508,3705923.0
3509,7445044.0
3510,3076820.0
3511,2962051.0
3512,11537539.0
3513,3237452.0
3514,5746453.0
3515,2255000.0
3516,1821983.0
3517,1324299.0
3518,6239723.0
3519,834953.0
3520,12577401.0
3521,5922292.0
3522,295493.0
3523,252726.0
3524,1022453.0
3525,223652.0
3526,133411.0
3527,95204.0
3528,78948.0
3529,39852.0
3530,156362.0
3531,5073.0
3532,4655.0
3533,2932419.0
3534,82780.0
3535,47469.0
3536,17006158.0
3537,5000000.0
3538,3127472.0
3539,172867.0
3540,25935.0
3541,25000000.0
3542,6435262.0
3543,86300000.0
3544,23591783.0
3545,19170001.0
3546,33754967.0
3547,5394447.0
3548,37799643.0
3549,15600000.0
3550,31517561.0
3551,8200000.0
3552,6600000.0
3553,16556.0
3554,5363000.0
3555,119500000.0
3556,32980880.0
3557,15298355.0
3558,3292333.0
3559,71248.0
3560,7200000.0
3561,59922558.0
3562,33349941.0
3563,32327255.0
3564,36028802.0
3565,34557416.0
3566,25533818.0
3567,25533818.0
3568,13881317.0
3569,12300000.0
3570,10000000.0
3571,6916951.0
3572,6401336.0
3573,5674364.0
3574,4934356.0
3575,2013052.0
3576,1687548.0
3577,12267275.0
3578,497195.0
3579,593933.0
3580,174255.0
3581,118666.0
3582,507446.0
3583,100280.0
3584,108907.0
3585,72260.0
3586,35017.0
3587,9598.0
3588,182358.0
3589,5691854.0
3590,1420418.0
3591,500296.0
3592,8739576.0
3593,3500000.0
3594,14305540.0
3595,11000000.0
3596,574838.0
3597,83320000.0
3598,41158757.0
3599,41158757.0
3600,21930418.0
3601,388390.0
3602,9132000.0
3603,37865.0
3604,23600000.0
3605,1381824.0
3606,3330.0
3607,23266821.0
3608,35185884.0
3609,78900000.0
3610,24600832.0
3611,18344729.0
3612,18016290.0
3613,20649774.0
3614,13129846.0
3615,16610760.0
3616,11546543.0
3617,20741000.0
3618,9172000.0
3619,7800000.0
3620,7600000.0
3621,7369373.0
3622,17403168.0
3623,7756617.0
3624,16131551.0
3625,8685632.0
3626,11293790.0
3627,20883834.0
3628,9505996.0
3629,15396525.0
3630,7799257.0
3631,4000000.0
3632,9615464.0
3633,10166209.0
3634,6225304.0
3635,6030230.0
3636,2791973.0
3637,3438804.0
3638,13912289.0
3639,2077844.0
3640,1985292.0
3641,1660865.0
3642,2166392.0
3643,1433319.0
3644,1134358.0
3645,1869928.0
3646,1075504.0
3647,636706.0
3648,539961.0
3649,466106.0
3650,2350641.0
3651,304602.0
3652,759504.0
3653,147299.0
3654,134624.0
3655,121807.0
3656,2226603.0
3657,102645.0
3658,72544.0
3659,2046090.0
3660,37227.0
3661,12667.0
3662,10024.0
3663,4294373.0
3664,2436.0
3665,3620902.0
3666,2151887.0
3667,105377.0
3668,63555.0
3669,926.0
3670,21270290.0
3671,4600000.0
3672,5617067.0
3673,7785229.0
3674,1445140.0
3675,478595.0
3676,4581937.0
3677,740932.0
3678,10137234.0
3679,12444.0
3680,70165900.0
3681,23265132.0
3682,8800000.0
3683,6800000.0
3684,5719000.0
3685,3050934.0
3686,842693.0
3687,638476.0
3688,1322161.0
3689,673.0
3690,634803.0
3691,1278471.0
3692,42137871.0
3693,9700000.0
3694,12231500.0
3695,2507159.0
3696,2891228.0
3697,4727375.0
3698,661221.0
3699,30500000.0
3700,4000000.0
3701,6026908.0
3702,5400000.0
3703,4420000.0
3704,2595644.0
3705,419428.0
3706,145382.0
3707,129319.0
3708,2627795.0
3709,3264.0
3710,99870886.0
3711,22217183.0
3712,14533681.0
3713,11806119.0
3714,9000000.0
3715,20412216.0
3716,11191423.0
3717,9345061.0
3718,5046118.0
3719,4128828.0
3720,2592308.0
3721,2380606.0
3722,2300000.0
3723,1541131.0
3724,1126258.0
3725,510957.0
3726,418953.0
3727,1840248.0
3728,414404.0
3729,1619602.0
3730,194568.0
3731,184705.0
3732,240396.0
3733,173066.0
3734,163245.0
3735,139084.0
3736,119841.0
3737,113169.0
3738,172569.0
3739,52429.0
3740,31916.0
3741,2105.0
3742,236863.0
3743,58692.0
3744,184925485.0
3745,2620000.0
3746,1261792.0
3747,56073.0
3748,1632.0
3749,28356188.0
3750,909000.0
3751,749741.0
3752,1005840.0
3753,635305.0
3754,609042.0
3755,288751.0
3756,210904.0
3757,329621.0
3758,90213.0
3759,13465.0
3760,6000000.0
3761,11000000.0
3762,4700000.0
3763,2850357.0
3764,2500000.0
3765,103880027.0
3766,36741667.0
3767,27025600.0
3768,10827356.0
3769,7000000.0
3770,2859955.0
3771,2832029.0
3772,2509344.0
3773,887000.0
3774,595018.0
3775,255000.0
3776,58936.0
3777,26608.0
3778,7826.0
3779,81338.0
3780,63777092.0
3781,18673274.0
3782,414736.0
3783,29005064.0
3784,247740.0
3785,56491.0
3786,81371.0
3787,2636.0
3788,5348767.0
3789,10462500.0
3790,225000000.0
3791,101758489.0
3792,37600000.0
3793,62561449.0
3794,28262574.0
3795,52769915.0
3796,42411721.0
3797,17985000.0
3798,59567035.0
3799,14564000.0
3800,15943081.0
3801,16566240.0
3802,16553163.0
3803,9000000.0
3804,9000000.0
3805,7800000.0
3806,12931569.0
3807,11495204.0
3808,16173879.0
3809,5391992.0
3810,5797192.0
3811,5892466.0
3812,4731944.0
3813,3465703.0
3814,3324070.0
3815,5438911.0
3816,6030129.0
3817,2315026.0
3818,2022442.0
3819,1849392.0
3820,1615787.0
3821,1492895.0
3822,1087521.0
3823,852206.0
3824,1156309.0
3825,1179462.0
3826,2721096.0
3827,627287.0
3828,1239174.0
3829,703020.0
3830,542909.0
3831,501289.0
3832,475367.0
3833,473769.0
3834,428535.0
3835,852399.0
3836,288757.0
3837,839145.0
3838,304472.0
3839,227241.0
3840,215559.0
3841,113433.0
3842,96734.0
3843,63014.0
3844,1549000.0
3845,51587.0
3846,22434.0
3847,21210.0
3848,17127.0
3849,15156.0
3850,12996.0
3851,11574.0
3852,844377.0
3853,26822.0
3854,5494.0
3855,3700.0
3856,1036.0
3857,884.0
3858,703.0
3859,552614.0
3860,17721.0
3861,5382.0
3862,8158.0
3863,8267066.0
3864,814666.0
3865,78122.0
3866,30905.0
3867,9600000.0
3868,17549645.0
3869,958978.0
3870,381420.0
3871,413733.0
3872,268000000.0
3873,1386088.0
3874,442638.0
3875,3256.0
3876,3787689.0
3877,1500711.0
3878,610776.0
3879,16909.0
3880,5034794.0
3881,2900578.0
3882,1001437.0
3883,881950.0
3884,371647.0
3885,62544.0
3886,58163.0
3887,35688.0
3888,462206.0
3889,1310470.0
3890,140000000.0
3891,7712436.0
3892,5520368.0
3893,4422318.0
3894,1011535.0
3895,59656.0
3896,47329.0
3897,229250.0
3898,814801.0
3899,1960521.0
3900,450.0
3901,8000000.0
3902,11768371.0
3903,4857731.0
3904,4911725.0
3905,1140965.0
3906,10508.0
3907,1160.0
3908,2301777.0
3909,171962.0
3910,14812.0
3911,3202000.0
3912,248300000.0
3913,34505110.0
3914,20000000.0
3915,173599.0
3916,42557.0
3917,23616.0
3918,85343.0
3919,7943.0
3920,1585688.0
3921,3709.0
3922,8462.0
3923,5269990.0
3924,9111.0
3925,33473297.0
3926,31559560.0
3927,55518641.0
3928,17000000.0
3929,9387581.0
3930,9470209.0
3931,3824868.0
3932,3177636.0
3933,2047570.0
3934,1250798.0
3935,1131261.0
3936,1971479.0
3937,1167524.0
3938,1111615.0
3939,1027228.0
3940,1348750.0
3941,407100.0
3942,367582.0
3943,308793.0
3944,254293.0
3945,5639730.0
3946,602789.0
3947,152449.0
3948,314444.0
3949,680914.0
3950,55000.0
3951,32033.0
3952,13134.0
3953,12232.0
3954,77121.0
3955,4134.0
3956,1822.0
3957,1778.0
3958,2141436.0
3959,7890.0
3960,194183034.0
3961,2712293.0
3962,1297745.0
3963,22623.0
3964,13486.0
3965,2281000.0
3966,2938000.0
3967,12604.0
3968,435168.0
3969,46122713.0
3970,5028948.0
3971,2797199.0
3972,1600566.0
3973,1162014.0
3974,433588.0
3975,31425.0
3976,4358000.0
3977,29400000.0
3978,10000000.0
3979,4000000.0
3980,1772979.0
3981,310891.0
3982,84689.0
3983,2500000.0
3984,1373407.0
3985,1788168.0
3986,7808524.0
3987,3571253.0
3988,2525984.0
3989,1416046.0
3990,399908.0
3991,70807.0
3992,39475.0
3993,33312.0
3994,17241.0
3995,2066892.0
3996,10876.0
3997,10514.0
3998,3496.0
3999,830700.0
4000,23894000.0
4001,15155095.0
4002,4613482.0
4003,3809226.0
4004,3731489.0
4005,2477155.0
4006,1157672.0
4007,1366235.0
4008,8969065.0
4009,743216.0
4010,203134.0
4011,191862.0
4012,178095.0
4013,67665.0
4014,62375.0
4015,51540.0
4016,237816.0
4017,284174.0
4018,20628.0
4019,3234.0
4020,22000000.0
4021,7484.0
4022,1109276.0
4023,1032075.0
4024,5000000.0
4025,25000000.0
4026,99750000.0
4027,6618578.0
4028,2430735.0
4029,2000000.0
4030,439651.0
4031,236806.0
4032,212989.0
4033,174682.0
4034,140016.0
4035,346106.0
4036,52443.0
4037,7033.0
4038,6260.0
4039,1217.0
4040,1577585.0
4041,7137502.0
4042,2102779.0
4043,156612.0
4044,15200000.0
4045,23344056.0
4046,3270128.0
4047,110719.0
4048,7193.0
4049,5858.0
4050,6706368.0
4051,429448.0
4052,3090593.0
4053,11000000.0
4054,16137.0
4055,41753881.0
4056,7000000.0
4057,5228617.0
4058,3000000.0
4059,6121582.0
4060,287000.0
4061,110536.0
4062,59424.0
4063,20056.0
4064,8799.0
4065,30312.0
4066,4930.0
4067,8555.0
4068,4678513.0
4069,33598.0
4070,602920.0
4071,22233808.0
4072,4917.0
4073,10426506.0
4074,2335352.0
4075,424149.0
4076,406299.0
4077,8374.0
4078,342722.0
4079,277233.0
4080,25572.0
4081,3632.0
4082,321952.0
4083,243768.0
4084,103509.0
4085,82698.0
4086,9812.0
4087,3894240.0
4088,8231.0
4089,2883661.0
4090,1227508.0
4091,195254.0
4092,115592.0
4093,413802.0
4094,138711.0
4095,1987.0
4096,527.0
4097,4584.0
4098,2041928.0
4099,841926.0
4100,71644.0
4101,900.0
4102,10443.0
4103,181041.0
